{
    "3m": [
        0.00010323377359958918,
        0.09867673659324816,
        0.03959037912324479,
        0.05368110501543532,
        0.06588751363895896,
        0.054937315659863366,
        0.08069539441805838,
        0.009995003746877736,
        0.06888054497263937,
        0.08438159256945177,
        0.07669649888473704,
        0.0912287372509165,
        0.014883513944689683,
        0.014974936391293811,
        0.06875333092378859,
        0.015073120492325946,
        0.012664316950280472,
        0.016752687454014537,
        0.09053574604251852,
        0.015971914124998498
    ],
    "10m": [
        0.0175276827349873,
        0.06774797209007695,
        0.09495360316271492,
        0.0655304615316776,
        0.017311854311433533,
        0.09733285267845755,
        0.06106719679486892,
        0.0598208853838343,
        0.07246657464927458,
        0.1527242435161205,
        0.041845849391908205,
        0.09638266175168017,
        0.07428114876597468,
        0.014427569805819267,
        0.05129891760425773,
        0.12778110819299726,
        0.05181102120169751,
        0.013016103077937304,
        0.011976262619132589,
        0.009561984989990226
    ],
    "31m": [
        0.05862887378222924,
        0.011740863563103731,
        0.01399731277389635,
        0.0409960030845394,
        0.10349303444755403,
        0.07843304784240034,
        0.061174462719889036,
        0.071156806696482,
        0.014493314929854914,
        0.07185757571479554,
        0.09771289817893754,
        0.016113843609098587,
        0.014002800840280105,
        0.10696885829805174,
        0.07754133238375585,
        0.015304712811230222,
        0.12543888151281868,
        0.06386451092240132,
        0.071156806696482,
        0.03880168309830989
    ],
    "72m": [
        0.015027827244457208,
        0.01452482234435317,
        0.09151482539842909,
        0.017705355794912777,
        0.04828045495852676,
        0.01360827634879543,
        0.09392108820676998,
        0.07547319081399416,
        0.11105700294568621,
        0.11086696423047843,
        0.014845674006519791,
        0.013986355971611485,
        0.014135069854804396,
        0.10113498487450547,
        0.04419956960878639,
        0.07400883929781431,
        0.04638749494218194,
        0.014466672979398071,
        0.014135069854804396,
        0.010222191934290985
    ],
    "169m": [
        0.013793431476706128,
        0.04188539082916955,
        0.03271749058150977,
        0.015332536913905672,
        0.04775669329409193,
        0.12024834778323003,
        0.01360827634879543,
        0.07018776260323054,
        0.09714815724559904,
        0.04244763599780089,
        0.0861616191735039,
        0.04678442571775442,
        0.05129891760425773,
        0.014293008498232328,
        0.013824371037826471,
        0.044263389487281944,
        0.014184753909066048,
        0.01333175264989279,
        0.04574763677971204,
        0.011834526708278772
    ],
    "out_003M_ctx128_1e-2/rwkv-1": [],
    "out_007M_V100_ctx512_lr1e-2/rwkv-1": [],
    "out_010M_ctx256_5e-3/rwkv-1": [],
    "out_014M_V100/rwkv-1": [],
    "out_031M_V100/rwkv-1": [],
    "out_036M_A100_ctx512_lr1e-3/rwkv-1": [],
    "out_072M_V100_ctx512_lr1e-3/rwkv-1": [],
    "out_092M_A100_ctx512_lr6e-4/rwkv-1": [],
    "out_169M_A100_ctx512_lr6e-4/rwkv-1": []
}