{
    "3m": [
        0.012664316950280472,
        0.04169684022892848,
        0.04928355548337173,
        0.012212635871871876,
        0.04538788181621826,
        0.060090956409452015,
        0.07950542444263023,
        0.008664432333911093,
        0.10106683232657028,
        0.010731288242858237,
        0.06631923328657013,
        0.017251638983558845,
        0.051222386280717125,
        0.0623640135806532,
        0.013950237069174903,
        0.09709587750058922,
        0.04055535528269063,
        0.02677265557175801,
        0.04895420473483399,
        0.0170543660502211
    ],
    "10m": [
        0.015911145683514604,
        0.00816418830455624,
        0.08368274087557231,
        0.06356417261637283,
        0.060124173891615035,
        0.1065427207806866,
        0.04400749744528396,
        0.03547243009336176,
        0.06241877839323592,
        0.03636651130030241,
        0.10492670850350724,
        0.05286394907921323,
        0.009240696257249196,
        0.0783075696960269,
        0.07106690545187015,
        0.0355559067267389,
        0.011694260695791055,
        0.04713172478992737,
        0.035466345106595444,
        0.018439015158672644
    ],
    "31m": [
        0.00953116064578779,
        0.08134289004456059,
        0.0117174985029676,
        0.01352865401745999,
        0.05198752449100364,
        0.03803000120609435,
        0.07915594835766293,
        0.0847598903147457,
        0.06448578015023279,
        0.10137052608340506,
        0.03275608910402092,
        0.03187276291558383,
        0.010517579047791782,
        0.13391955236587028,
        0.01675799155120567,
        0.03697889759631657,
        0.0502468823520484,
        0.07613869876268808,
        0.02556549962824568,
        0.02311250817605122
    ],
    "72m": [
        0.015321285325897391,
        0.05183119542530522,
        0.07989354619369612,
        0.04870354151706649,
        0.04775669329409193,
        0.06579516949597689,
        0.06411705636375015,
        0.013190628263758858,
        0.0584311207065726,
        0.09534625892455921,
        0.010616464444605074,
        0.01893206114156882,
        0.010910894511799617,
        0.10721125348377948,
        0.01631089649529598,
        0.0758786910639328,
        0.06967330142916175,
        0.014494275891311206,
        0.014667866221221446,
        0.007001400420140052
    ],
    "169m": [
        0.01617310781819604,
        0.04055535528269063,
        0.01496962377130239,
        0.015713484026367724,
        0.07668933868317312,
        0.054595109043261404,
        0.0873228053325973,
        0.050736347333976764,
        0.0468666880080998,
        0.053178379513398,
        0.044067125120429644,
        0.04655886543014399,
        0.014698618394803282,
        0.012841902142156992,
        0.0635345596762069,
        0.036476461079512,
        0.04868693041696141,
        0.014927002653513047,
        0.04343722427630694,
        0.00835852426007374
    ],
    "out_003M_V100_ctx512_lr1e-2/rwkv-1": [],
    "out_010M_V100_ctx512_lr5e-3/rwkv-1": [],
    "out_031M_V100/rwkv-1": [],
    "out_072M_V100_ctx512_lr1e-3/rwkv-1": [],
    "out_169M_A100_ctx512_lr6e-4/rwkv-1": []
}