{
    "3m": 0.6876183867454528,
    "7m": 0.8006998300552368,
    "10m": 0.7304792046546936,
    "14m": 0.9664394855499268,
    "31m": 0.972580349445343,
    "36m": 1.6937996983528136,
    "72m": 1.046878457069397,
    "92m": 1.0502235651016236,
    "169m": 1.907729196548462
}